{"name":"EonSyntax Portfolio","short_name":"Portfolio","description":"My RPort-10-2025 PWA","start_url":"/","display":"standalone","background_color":"#ffffff","theme_color":"hsl(250, 65%, 65%)","lang":"en","scope":"/","display_override":["standalone","fullscreen","minimal-ui"],"orientation":"portrait","dir":"ltr","categories":["portfolio","developer","software","webapp"],"icons":[{"src":"/logo192.png","sizes":"192x192","type":"image/png"},{"src":"/logo512.png","sizes":"512x512","type":"image/png"}]}